time,wti_spot,brent_spot,gasoline_spot,jet_fuel_spot,gold_price,financial_crisis,gold_price_wti_spot_ratio,gold_price_brent_spot_ratio
1990-01-01,22.86,21.25,0.638,,410.118,1,17.94041995,19.29967059
1990-02-01,22.11,19.81,0.583,,416.543,1,18.83957485,21.0269056
1990-03-01,20.39,18.39,0.578,,393.661,1,19.30657185,21.4062534
1990-04-01,18.43,16.61,0.617,0.54,374.929,1,20.34340749,22.57248645
1990-05-01,18.2,16.35,0.667,0.515,368.855,1,20.26675824,22.55993884
1990-06-01,16.7,15.1,0.613,0.494,352.657,1,21.11718563,23.35476821
1990-07-01,18.45,17.17,0.602,0.535,361.82,1,19.61084011,21.0728014
1990-08-01,27.31,27.17,0.866,0.791,394.861,1,14.45847675,14.53297755
1990-09-01,33.51,34.9,0.95,1.012,389.56,1,11.62518651,11.16217765
1990-10-01,36.04,36.02,0.898,1.196,381.333,1,10.58082686,10.58670183
1990-11-01,32.33,33.07,0.829,0.971,381.866,1,11.81150634,11.5472029
1990-12-01,27.28,28.27,0.649,0.803,378.161,1,13.86220674,13.37675982
1991-01-01,25.23,23.57,0.668,0.741,384.591,2,15.24340071,16.31697073
1991-02-01,20.48,19.54,0.606,0.637,363.748,2,17.76113281,18.61555783
1991-03-01,19.9,19.08,0.674,0.558,363.39,2,18.26080402,19.04559748
1991-04-01,20.83,19.18,0.706,0.552,358.055,2,17.1893903,18.6681439
1991-05-01,21.23,19.19,0.693,0.569,357.117,2,16.82133773,18.60953622
1991-06-01,20.19,18.17,0.615,0.547,366.36,2,18.14561664,20.16290589
1991-07-01,21.4,19.4,0.634,0.586,368.013,2,17.19686916,18.96974227
1991-08-01,21.69,19.77,0.671,0.623,356.721,2,16.44633472,18.04355083
1991-09-01,21.89,20.5,0.6,0.635,348.46,2,15.91868433,16.99804878
1991-10-01,23.23,22.21,0.618,0.671,358.826,2,15.4466638,16.15605583
1991-11-01,22.46,21.11,0.617,0.645,359.96,2,16.02671416,17.0516343
1991-12-01,19.5,18.41,0.517,0.522,361.875,2,18.55769231,19.65643672
1992-01-01,18.79,18.16,0.508,0.509,354.436,1,18.86301224,19.51740088
1992-02-01,19.01,18.05,0.536,0.543,353.853,1,18.61404524,19.60404432
1992-03-01,18.92,17.63,0.553,0.514,344.641,1,18.21569767,19.5485536
1992-04-01,20.23,18.92,0.605,0.543,338.728,1,16.74384577,17.90317125
1992-05-01,20.98,19.89,0.633,0.579,337.039,1,16.06477598,16.94514832
1992-06-01,22.39,21.16,0.64,0.615,340.784,1,15.22036623,16.10510397
1992-07-01,21.78,20.24,0.587,0.611,352.452,1,16.18236915,17.41363636
1992-08-01,21.34,19.74,0.6,0.59,343.603,1,16.10135895,17.40643364
1992-09-01,21.88,20.27,0.59,0.623,345.3,1,15.78153565,17.03502713
1992-10-01,21.69,20.26,0.596,0.621,344.277,1,15.87261411,16.99294176
1992-11-01,20.34,19.21,0.54,0.561,334.924,1,16.46627335,17.43487767
1992-12-01,19.41,18.14,0.508,0.544,334.657,1,17.24147347,18.4485667
1993-01-01,19.03,17.39,0.514,0.534,328.993,1,17.28812401,18.91851639
1993-02-01,20.09,18.47,0.508,0.553,329.31,1,16.39173718,17.82945317
1993-03-01,20.32,18.79,0.559,0.558,329.974,1,16.23887795,17.56114955
1993-04-01,20.25,18.67,0.598,0.551,341.948,1,16.88632099,18.31537225
1993-05-01,19.95,18.51,0.601,0.553,367.045,1,18.39824561,19.82955159
1993-06-01,19.09,17.65,0.548,0.526,371.914,1,19.48213724,21.07161473
1993-07-01,17.89,16.78,0.504,0.494,392.034,1,21.91358301,23.36317044
1993-08-01,18.01,16.7,0.519,0.501,379.795,1,21.08800666,22.74221557
1993-09-01,17.5,16.01,0.481,0.535,355.561,1,20.31777143,22.20868207
1993-10-01,18.15,16.61,0.483,0.568,364.005,1,20.0553719,21.91481036
1993-11-01,16.61,15.2,0.426,0.533,373.939,1,22.5128838,24.60125
1993-12-01,14.52,13.73,0.362,0.446,383.243,1,26.39414601,27.91281865
1994-01-01,15.03,14.29,0.419,0.528,387.11,1,25.75582169,27.08957313
1994-02-01,14.78,13.8,0.44,0.501,381.658,1,25.82259811,27.65637681
1994-03-01,14.68,13.82,0.456,0.451,384,1,26.15803815,27.78581766
1994-04-01,16.42,15.23,0.494,0.469,377.908,1,23.01510353,24.81339462
1994-05-01,17.89,16.19,0.494,0.472,381.343,1,21.31598658,23.55423101
1994-06-01,19.06,16.76,0.528,0.493,385.714,1,20.23683106,23.01396181
1994-07-01,19.66,17.6,0.544,0.509,385.45,1,19.60579858,21.90056818
1994-08-01,18.38,16.89,0.544,0.498,380.207,1,20.6859086,22.51077561
1994-09-01,17.45,15.9,0.445,0.49,391.348,1,22.42681948,24.61308176
1994-10-01,17.72,16.49,0.492,0.509,390.164,1,22.01828442,23.66064281
1994-11-01,18.07,17.19,0.465,0.513,384.377,1,21.27155506,22.36050029
1994-12-01,17.16,15.93,0.432,0.487,379.48,1,22.11421911,23.82172003
1995-01-01,18.04,16.55,0.477,0.472,378.738,1,20.9943459,22.8844713
1995-02-01,18.57,17.11,0.489,0.467,376.745,1,20.28782983,22.01899474
1995-03-01,18.54,17.01,0.49,0.449,381.82,1,20.59439051,22.446796
1995-04-01,19.9,18.65,0.593,0.5,391.339,1,19.66527638,20.9833244
1995-05-01,19.74,18.35,0.636,0.511,385.231,1,19.51524823,20.99351499
1995-06-01,18.45,17.31,0.551,0.478,387.618,1,21.00910569,22.39272097
1995-07-01,17.33,15.85,0.48,0.467,386.138,1,22.28147721,24.36201893
1995-08-01,18.02,16.1,0.504,0.496,383.502,1,21.28201998,23.82
1995-09-01,18.23,16.7,0.505,0.513,382.931,1,21.00554032,22.93
1995-10-01,17.43,16.11,0.45,0.502,383.202,1,21.98519793,23.78659218
1995-11-01,17.99,16.86,0.457,0.524,385.209,1,21.41239578,22.8475089
1995-12-01,19.03,17.93,0.479,0.553,387.445,1,20.35969522,21.60875627
1996-01-01,18.86,17.85,0.494,0.55,398.695,1,21.13971368,22.33585434
1996-02-01,19.09,18,0.514,0.557,404.919,1,21.21105291,22.4955
1996-03-01,21.33,19.85,0.581,0.586,396.512,1,18.58940459,19.97541562
1996-04-01,23.5,20.9,0.66,0.617,392.87,1,16.71787234,18.79760766
1996-05-01,21.17,19.15,0.627,0.557,391.99,1,18.51629665,20.4694517
1996-06-01,20.42,18.46,0.566,0.516,385.245,1,18.86606268,20.8691766
1996-07-01,21.3,19.57,0.59,0.556,383.457,1,18.00267606,19.59412366
1996-08-01,21.9,20.51,0.579,0.615,387.51,1,17.69452055,18.89371039
1996-09-01,23.97,22.63,0.59,0.682,383.29,1,15.99040467,16.93725144
1996-10-01,24.88,24.16,0.647,0.703,380.909,1,15.30984727,15.76610099
1996-11-01,23.71,22.76,0.661,0.696,377.869,1,15.93711514,16.60232865
1996-12-01,25.23,23.78,0.648,0.693,369.338,1,14.63884265,15.531455
1997-01-01,25.13,23.54,0.67,0.68,355.025,1,14.12753681,15.0817757
1997-02-01,22.18,20.85,0.62,0.619,346.4,1,15.61767358,16.61390887
1997-03-01,20.97,19.13,0.614,0.557,352.311,1,16.80071531,18.41667538
1997-04-01,19.7,17.56,0.585,0.541,344.707,1,17.49781726,19.63023918
1997-05-01,20.82,19.02,0.608,0.549,344.1,1,16.52737752,18.09148265
1997-06-01,19.26,17.58,0.552,0.523,340.805,1,17.69496366,19.38594994
1997-07-01,19.66,18.46,0.591,0.536,323.78,1,16.46897253,17.53954496
1997-08-01,19.95,18.6,0.646,0.559,323.998,1,16.24050125,17.41924731
1997-09-01,19.8,18.46,0.562,0.541,322.616,1,16.29373737,17.47648971
1997-10-01,21.33,19.87,0.549,0.571,324.863,1,15.23033286,16.34942124
1997-11-01,20.19,19.17,0.528,0.549,306.345,1,15.1731055,15.98043818
1997-12-01,18.33,17.18,0.498,0.496,288.776,1,15.7542826,16.8088475
1998-01-01,16.72,15.19,0.46,0.476,289.264,1,17.30047847,19.04305464
1998-02-01,16.06,14.07,0.449,0.449,297.743,1,18.53941469,21.1615494
1998-03-01,15.12,13.1,0.428,0.413,295.87,1,19.56812169,22.58549618
1998-04-01,15.35,13.53,0.465,0.426,308.558,1,20.10149837,22.80546933
1998-05-01,14.91,14.36,0.48,0.416,298.971,1,20.05171026,20.81970752
1998-06-01,13.72,12.21,0.437,0.389,292.223,1,21.29905248,23.93308763
1998-07-01,14.17,12.08,0.417,0.386,292.874,1,20.66859562,24.24453642
1998-08-01,13.47,11.91,0.375,0.372,284.228,1,21.10081663,23.86465155
1998-09-01,15.03,13.34,0.403,0.42,288.661,1,19.20565536,21.63875562
1998-10-01,14.46,12.7,0.414,0.42,296.595,1,20.51141079,23.35393701
1998-11-01,13,11.04,0.337,0.371,294.243,1,22.63407692,26.65244565
1998-12-01,11.35,9.82,0.294,0.304,291.357,1,25.67022026,29.6697556
1999-01-01,12.52,11.11,0.324,0.334,287.333,3,22.94992013,25.86255626
1999-02-01,12.01,10.27,0.302,0.309,287.495,3,23.93796836,27.99367089
1999-03-01,14.68,12.51,0.418,0.378,286.243,3,19.49884196,22.88113509
1999-04-01,17.31,15.29,0.498,0.43,282.62,3,16.32697863,18.48397646
1999-05-01,17.72,15.23,0.483,0.415,276.932,3,15.6282167,18.18332239
1999-06-01,17.92,15.86,0.486,0.44,261.402,3,14.58716518,16.48184111
1999-07-01,20.1,19.08,0.569,0.512,256.198,3,12.74616915,13.42756813
1999-08-01,21.28,20.22,0.607,0.564,256.936,3,12.07406015,12.70702275
1999-09-01,23.8,22.54,0.643,0.614,264.47,3,11.11218487,11.73336291
1999-10-01,22.69,22,0.592,0.595,311.562,3,13.73124725,14.16190909
1999-11-01,25,24.58,0.659,0.661,293.65,3,11.746,11.94670464
1999-12-01,26.1,25.47,0.653,0.701,283.743,3,10.87137931,11.14028269
2000-01-01,27.26,25.51,0.695,0.781,284.59,4,10.43983859,11.15601725
2000-02-01,29.37,27.78,0.819,0.78,300.855,4,10.24361593,10.82991361
2000-03-01,29.84,27.49,0.857,0.771,286.704,4,9.608042895,10.42939251
2000-04-01,25.72,22.76,0.732,0.719,279.961,4,10.88495334,12.30057118
2000-05-01,28.79,27.74,0.896,0.762,275.293,4,9.562104898,9.924044701
2000-06-01,31.82,29.8,0.959,0.785,285.368,4,8.968196103,9.576107383
2000-07-01,29.7,28.68,0.829,0.796,282.152,4,9.50006734,9.837935844
2000-08-01,31.26,30.2,0.85,0.9,274.523,4,8.781925784,9.090165563
2000-09-01,33.88,33.14,0.914,1.017,273.676,4,8.077804014,8.258177429
2000-10-01,33.11,30.96,0.879,0.982,270.405,4,8.166868016,8.734011628
2000-11-01,34.42,32.55,0.862,1.028,265.989,4,7.727745497,8.171705069
2000-12-01,28.44,25.66,0.72,0.863,271.892,4,9.560196906,10.595947
2001-01-01,29.59,25.62,0.865,0.87,265.934,3,8.987293004,10.37993755
2001-02-01,29.61,27.5,0.816,0.815,262.018,3,8.848969943,9.527927273
2001-03-01,27.25,24.5,0.771,0.748,263.273,3,9.661394495,10.74583673
2001-04-01,27.49,25.66,1.001,0.77,260.75,3,9.48526737,10.16173032
2001-05-01,28.63,28.31,0.922,0.821,272.057,3,9.502514845,9.609925821
2001-06-01,27.6,27.85,0.729,0.767,270.738,3,9.809347826,9.721292639
2001-07-01,26.43,24.61,0.674,0.711,267.707,3,10.12890655,10.87797643
2001-08-01,27.37,25.68,0.78,0.764,272.657,3,9.961892583,10.61748442
2001-09-01,26.2,25.62,0.745,0.738,282.478,3,10.78160305,11.02568306
2001-10-01,22.17,20.54,0.562,0.622,283.322,3,12.77952188,13.79367089
2001-11-01,19.64,18.8,0.501,0.543,276.248,3,14.06558045,14.69404255
2001-12-01,19.39,18.71,0.508,0.515,275.992,3,14.23372873,14.75104222
2002-01-01,19.72,19.42,0.538,0.533,281.764,4,14.28823529,14.50895984
2002-02-01,20.72,20.28,0.539,0.551,295.683,4,14.27041506,14.58002959
2002-03-01,24.53,23.7,0.714,0.63,294.353,4,11.99971464,12.41995781
2002-04-01,26.18,25.73,0.777,0.669,302.862,4,11.5684492,11.77077342
2002-05-01,27.04,25.35,0.74,0.666,314.48,4,11.63017751,12.40552268
2002-06-01,25.52,24.08,0.736,0.653,321.536,4,12.59937304,13.35282392
2002-07-01,26.97,25.74,0.756,0.691,313.567,4,11.62651094,12.18209013
2002-08-01,28.39,26.65,0.75,0.722,310.045,4,10.92092286,11.63395872
2002-09-01,29.66,28.4,0.776,0.8,318.8,4,10.74848281,11.22535211
2002-10-01,28.84,27.54,0.826,0.79,316.748,4,10.98294036,11.50137981
2002-11-01,26.35,24.34,0.691,0.708,319.255,4,12.11593928,13.11647494
2002-12-01,29.46,28.33,0.78,0.811,333.3,4,11.31364562,11.76491352
2003-01-01,32.95,31.18,0.879,0.887,356.864,4,10.83047041,11.44528544
2003-02-01,35.83,32.77,1.006,1.055,359.575,4,10.03558471,10.97268843
2003-03-01,33.51,30.61,0.963,0.893,341.564,4,10.19289764,11.15857563
2003-04-01,28.17,25,0.81,0.743,328.208,4,11.65097622,13.12832
2003-05-01,28.11,25.86,0.783,0.714,355.405,4,12.64336535,13.74342614
2003-06-01,30.66,27.65,0.826,0.748,356.912,4,11.64096543,12.90820976
2003-07-01,30.76,28.35,0.885,0.78,350.765,4,11.40328349,12.37266314
2003-08-01,31.57,29.89,0.982,0.823,358.993,4,11.37133354,12.01047173
2003-09-01,28.31,27.11,0.81,0.738,378.859,4,13.38251501,13.97488012
2003-10-01,30.34,29.61,0.844,0.82,379.093,4,12.49482531,12.80287065
2003-11-01,31.11,28.75,0.82,0.831,390.2,4,12.54259081,13.57217391
2003-12-01,32.13,29.81,0.853,0.876,407.674,4,12.68826642,13.67574639
2004-01-01,34.31,31.28,0.984,0.998,414.495,3,12.08088021,13.25111893
2004-02-01,34.69,30.86,1.027,0.933,404.73,3,11.66705102,13.11503564
2004-03-01,36.74,33.63,1.09,0.947,405.976,3,11.04997278,12.07184062
2004-04-01,36.75,33.59,1.149,0.973,404.85,3,11.01632653,12.05269425
2004-05-01,40.28,37.57,1.335,1.092,383.953,3,9.532100298,10.21966995
2004-06-01,38.03,35.18,1.171,1.032,391.78,3,10.30186695,11.13644116
2004-07-01,40.78,38.22,1.233,1.145,398.441,3,9.770500245,10.42493459
2004-08-01,44.9,42.74,1.177,1.227,400.133,3,8.911648107,9.362026205
2004-09-01,45.94,43.2,1.239,1.362,405.402,3,8.824597301,9.384305556
2004-10-01,53.28,49.78,1.348,1.52,420.21,3,7.886824324,8.441341904
2004-11-01,48.47,43.11,1.237,1.347,439.059,3,9.058366,10.18462074
2004-12-01,43.15,39.6,1.034,1.223,442.974,3,10.26590962,11.18621212
2005-01-01,46.84,44.51,1.244,1.334,424.08,3,9.053800171,9.527746574
2005-02-01,48.15,45.48,1.233,1.334,423.43,3,8.793977155,9.310246262
2005-03-01,54.19,53.1,1.472,1.562,434.355,3,8.015408747,8.179943503
2005-04-01,52.98,51.88,1.541,1.573,429.14,3,8.10003775,8.271781033
2005-05-01,49.83,48.65,1.41,1.471,422.903,3,8.486915513,8.692764645
2005-06-01,56.35,54.35,1.521,1.654,430.302,3,7.636237799,7.91724011
2005-07-01,59,57.52,1.603,1.665,424.745,3,7.199067797,7.384301113
2005-08-01,64.99,63.98,1.935,1.874,437.773,3,6.736005539,6.842341357
2005-09-01,65.59,62.91,2.305,2.232,455.936,3,6.951303552,7.247432841
2005-10-01,62.26,58.54,1.801,2.398,470.107,3,7.550706714,8.030526136
2005-11-01,58.32,55.24,1.444,1.698,476.668,3,8.173319616,8.62903693
2005-12-01,59.41,56.86,1.565,1.727,509.423,3,8.574701229,8.959250791
2006-01-01,65.49,62.99,1.693,1.816,549.433,3,8.389570927,8.722543261
2006-02-01,61.63,60.21,1.537,1.754,555.518,3,9.013759533,9.226341139
2006-03-01,62.69,62.06,1.832,1.875,557.215,3,8.888419206,8.978649694
2006-04-01,69.44,70.26,2.16,2.074,611.853,3,8.81124712,8.708411614
2006-05-01,70.84,69.78,2.042,2.07,676.769,3,9.553486731,9.698609917
2006-06-01,70.95,68.56,2.123,2.081,597.898,3,8.427033122,8.7207993
2006-07-01,74.41,73.67,2.27,2.154,633.093,3,8.508170945,8.593633772
2006-08-01,73.04,73.23,2.001,2.133,631.557,3,8.64672782,8.624293322
2006-09-01,63.8,61.96,1.56,1.81,600.15,3,9.406739812,9.686087799
2006-10-01,58.89,57.81,1.51,1.739,586.648,3,9.961759212,10.14786369
2006-11-01,59.08,58.76,1.563,1.733,626.825,3,10.60976642,10.66754595
2006-12-01,61.96,62.47,1.597,1.81,629.513,3,10.15999032,10.07704498
2007-01-01,54.51,53.68,1.41,1.654,630.352,5,11.56396991,11.74277198
2007-02-01,59.28,57.56,1.612,1.74,665.103,5,11.21968623,11.55495136
2007-03-01,60.44,62.05,1.85,1.846,655.891,5,10.8519358,10.57036261
2007-04-01,63.98,67.49,2.162,2.036,680.008,5,10.62844639,10.07568529
2007-05-01,63.46,67.21,2.305,2.044,668.31,5,10.53120076,9.943609582
2007-06-01,67.49,71.05,2.155,2.099,655.714,5,9.715720848,9.228909219
2007-07-01,74.12,76.93,2.128,2.137,665.266,5,8.975526174,8.647679709
2007-08-01,72.36,70.76,1.966,2.092,664.53,5,9.183665008,9.391322781
2007-09-01,79.92,77.17,2.111,2.265,710.645,5,8.891954454,9.208824673
2007-10-01,85.8,82.34,2.121,2.372,754.48,5,8.793473193,9.162982754
2007-11-01,94.77,92.41,2.359,2.673,808.311,5,8.529186451,8.7470079
2007-12-01,91.69,90.93,2.275,2.601,803.618,5,8.764510852,8.837765314
2008-01-01,92.97,92.18,2.315,2.605,887.784,11,9.549144885,9.63098286
2008-02-01,95.39,94.99,2.408,2.728,924.283,11,9.689516721,9.730318981
2008-03-01,105.45,103.64,2.562,3.124,971.055,11,9.208677098,9.369500193
2008-04-01,112.58,109.07,2.796,3.365,911.6,11,8.097352993,8.357935271
2008-05-01,125.4,122.8,3.107,3.738,889.125,11,7.090311005,7.240431596
2008-06-01,133.88,132.32,3.284,3.878,889.536,11,6.644278458,6.72261185
2008-07-01,133.37,132.72,3.158,3.886,941.167,11,7.056811877,7.091372815
2008-08-01,116.67,113.24,2.937,3.271,840.388,11,7.203119911,7.421299894
2008-09-01,104.11,97.23,3.138,3.375,824.92,11,7.923542407,8.484212692
2008-10-01,76.61,71.58,1.786,2.315,812.815,11,10.60977679,11.35533669
2008-11-01,57.31,52.45,1.204,1.88,757.85,11,13.22369569,14.44899905
2008-12-01,41.12,39.95,0.93,1.375,819.94,11,19.9401751,20.52415519
2009-01-01,41.71,43.44,1.148,1.469,857.726,13,20.5640374,19.74507366
2009-02-01,39.09,43.32,1.195,1.259,939.763,13,24.04100793,21.69351339
2009-03-01,47.94,46.54,1.288,1.268,925.989,13,19.31558198,19.89662656
2009-04-01,49.65,50.18,1.349,1.369,892.663,13,17.9791138,17.78921881
2009-05-01,59.03,57.3,1.657,1.488,926.855,13,15.70142301,16.17547993
2009-06-01,69.64,68.61,1.889,1.805,947.807,13,13.61009477,13.81441481
2009-07-01,64.15,64.44,1.705,1.712,934.272,13,14.56386594,14.49832402
2009-08-01,71.05,72.51,1.888,1.885,949.5,13,13.36382829,13.09474555
2009-09-01,69.41,67.65,1.735,1.749,996.443,13,14.35589973,14.72938655
2009-10-01,75.72,72.77,1.885,1.942,1043.511,13,13.78118067,14.33985159
2009-11-01,77.99,76.66,1.926,1.986,1126.119,13,14.43927427,14.68978607
2009-12-01,74.47,74.46,1.887,1.979,1135.012,13,15.2411978,15.2432447
2010-01-01,78.33,76.17,2.014,2.052,1119.575,9,14.29305502,14.69837206
2010-02-01,76.39,73.75,1.966,1.989,1095.8,9,14.34480953,14.85830508
2010-03-01,81.2,78.83,2.137,2.108,1115.554,9,13.73834975,14.15138907
2010-04-01,84.29,84.82,2.191,2.243,1148.475,9,13.62528177,13.54014383
2010-05-01,73.74,75.95,1.989,2.063,1204.321,9,16.33199078,15.85676103
2010-06-01,75.34,74.76,1.969,2.058,1232.382,9,16.35760552,16.48451043
2010-07-01,76.32,75.58,1.973,2.019,1196,9,15.67085954,15.82429214
2010-08-01,76.6,77.04,1.928,2.083,1213.464,9,15.84156658,15.75109034
2010-09-01,75.24,77.84,1.95,2.114,1271.461,9,16.89873737,16.33428828
2010-10-01,81.89,82.67,2.071,2.248,1343.19,9,16.40236903,16.24761098
2010-11-01,84.25,85.28,2.115,2.323,1371.784,9,16.28230267,16.08564728
2010-12-01,89.15,91.45,2.31,2.453,1393.512,9,15.63109366,15.2379661
2011-01-01,89.17,96.52,2.39,2.619,1360.475,5,15.25709319,14.09526523
2011-02-01,88.58,103.72,2.511,2.839,1371.313,5,15.48106796,13.22129772
2011-03-01,102.86,114.64,2.859,3.125,1422.848,5,13.8328602,12.41144452
2011-04-01,109.53,123.26,3.136,3.267,1474.431,5,13.46143522,11.96195846
2011-05-01,100.9,114.99,3.024,3.085,1512.188,5,14.98699703,13.1506044
2011-06-01,96.26,113.83,2.789,3.046,1528.38,5,15.8776231,13.42686462
2011-07-01,97.3,116.97,2.975,3.131,1568.526,5,16.12051387,13.4096435
2011-08-01,86.33,110.22,2.801,3.008,1759.5,5,20.3810958,15.96352749
2011-09-01,85.52,112.83,2.692,2.948,1780.648,5,20.82142189,15.78168927
2011-10-01,86.32,109.55,2.689,2.966,1667.893,5,19.32220806,15.22494751
2011-11-01,97.16,110.77,2.539,3.046,1735.977,5,17.86719844,15.67190575
2011-12-01,98.56,107.87,2.544,2.873,1652.725,5,16.76871956,15.32145175
2012-01-01,100.27,110.69,2.777,3.087,1656.095,4,16.51635584,14.96155931
2012-02-01,102.2,119.33,2.999,3.207,1743.095,4,17.05572407,14.60734937
2012-03-01,106.16,125.45,3.169,3.256,1675.057,4,15.77860776,13.35238741
2012-04-01,103.32,119.75,3.101,3.226,1648.539,4,15.95566202,13.76650522
2012-05-01,94.66,110.34,2.78,2.974,1585.114,4,16.74534122,14.36572413
2012-06-01,82.3,95.16,2.516,2.678,1595.632,4,19.38799514,16.76788567
2012-07-01,87.9,102.62,2.645,2.892,1592.784,4,18.12040956,15.52118495
2012-08-01,94.13,113.36,2.968,3.156,1625.682,4,17.27060448,14.34087862
2012-09-01,94.51,112.86,3.034,3.191,1741.925,4,18.4311184,15.43438774
2012-10-01,89.49,111.71,2.778,3.111,1746.348,4,19.51444854,15.63287083
2012-11-01,86.53,109.06,2.522,2.96,1724.352,4,19.92779383,15.81103979
2012-12-01,87.86,109.49,2.475,2.94,1687.342,4,19.20489415,15.41092337
2013-01-01,94.76,112.96,2.669,3.091,1671.886,4,17.64337273,14.80069051
2013-02-01,95.31,116.05,2.922,3.218,1630.688,4,17.10930647,14.05159845
2013-03-01,92.94,108.47,2.901,2.969,1591.013,4,17.118711,14.66776989
2013-04-01,92.02,102.25,2.685,2.808,1485.905,4,16.14763095,14.53207824
2013-05-01,94.51,102.56,2.708,2.725,1416.143,4,14.9840546,13.80794657
2013-06-01,95.77,102.92,2.688,2.769,1342.7,4,14.02004803,13.04605519
2013-07-01,104.67,107.93,2.853,2.894,1284.348,4,12.27044999,11.89982396
2013-08-01,106.57,111.28,2.861,3.003,1345.048,4,12.62126302,12.08705967
2013-09-01,106.29,111.6,2.604,2.934,1348.464,4,12.68664973,12.08301075
2013-10-01,100.54,109.08,2.49,2.885,1314.402,4,13.07342351,12.04988999
2013-11-01,93.86,107.79,2.451,2.83,1277.417,4,13.60981249,11.85097875
2013-12-01,97.63,110.76,2.52,2.955,1221.588,4,12.51242446,11.0291441
2014-01-01,94.62,108.12,2.548,2.921,1243.068,5,13.13747622,11.49711432
2014-02-01,100.82,108.9,2.695,2.965,1298.713,5,12.88150169,11.92573921
2014-03-01,100.8,107.48,2.714,2.89,1336.56,5,13.25952381,12.43542985
2014-04-01,102.07,107.76,2.801,2.888,1299.175,5,12.72827471,12.05618968
2014-05-01,102.18,109.54,2.762,2.868,1288.913,5,12.61414171,11.76659668
2014-06-01,105.79,111.8,2.849,2.883,1277.857,5,12.07918518,11.42984794
2014-07-01,103.59,106.77,2.713,2.817,1312.989,5,12.67486244,12.29735881
2014-08-01,96.54,101.61,2.631,2.839,1297.005,5,13.43489745,12.76454089
2014-09-01,93.21,97.09,2.605,2.729,1241.33,5,13.31756249,12.7853538
2014-10-01,84.4,87.43,2.179,2.46,1223.565,5,14.49721564,13.99479584
2014-11-01,75.79,79.44,1.937,2.297,1176.413,5,15.52200818,14.80882427
2014-12-01,59.29,62.34,1.423,1.801,1200.44,5,20.24692191,19.25633622
2015-01-01,47.22,47.76,1.271,1.496,1249.333,3,26.4577086,26.15856365
2015-02-01,50.58,58.1,1.603,1.766,1231.1,3,24.33965994,21.18932874
2015-03-01,47.82,55.89,1.678,1.629,1180.636,3,24.68916771,21.12427984
2015-04-01,54.45,59.52,1.734,1.702,1198.253,3,22.00648301,20.13193884
2015-05-01,59.27,64.08,1.884,1.849,1197.684,3,20.20725494,18.69044944
2015-06-01,59.82,61.48,1.945,1.732,1182.248,3,19.7634236,19.22979831
2015-07-01,50.9,56.56,1.86,1.549,1131.58,3,22.23143418,20.00671853
2015-08-01,42.87,46.52,1.574,1.389,1117.525,3,26.067763,24.02246346
2015-09-01,45.48,47.62,1.353,1.395,1124.905,3,24.73405893,23.62253255
2015-10-01,46.22,48.43,1.307,1.391,1157.123,3,25.03511467,23.89269048
2015-11-01,42.44,44.27,1.246,1.326,1088.388,3,25.64533459,24.58522702
2015-12-01,37.19,38.01,1.181,1.082,1068.317,3,28.72592095,28.10620889
2016-01-01,31.68,30.7,1.021,0.93,1095.655,3,34.58506944,35.68908795
2016-02-01,30.32,32.18,0.936,0.973,1194.893,3,39.40939974,37.13154133
2016-03-01,37.55,38.21,1.214,1.069,1246.312,3,33.19073236,32.61742999
2016-04-01,40.75,41.58,1.337,1.147,1241.452,3,30.46507975,29.85695046
2016-05-01,46.71,46.74,1.434,1.299,1259.755,3,26.9697067,26.95239623
2016-06-01,48.76,48.25,1.487,1.382,1273.58,3,26.11936013,26.39544041
2016-07-01,44.65,44.95,1.358,1.272,1337.429,3,29.95361702,29.75370412
2016-08-01,44.72,45.84,1.429,1.295,1340.861,3,29.98347496,29.25089442
2016-09-01,45.18,46.57,1.393,1.319,1326.618,3,29.36294821,28.4865364
2016-10-01,49.78,49.52,1.489,1.457,1268.929,3,25.49073925,25.62457593
2016-11-01,45.66,44.73,1.317,1.356,1240.293,3,27.16366623,27.72843729
2016-12-01,51.97,53.31,1.566,1.491,1152.165,3,22.16980951,21.61254924
2017-01-01,52.5,54.58,1.593,1.514,1192.648,2,22.71710476,21.85137413
2017-02-01,53.47,54.87,1.543,1.547,1233.39,2,23.06695343,22.4784035
2017-03-01,49.33,51.59,1.523,1.445,1231.063,2,24.95566592,23.86243458
2017-04-01,51.06,52.31,1.621,1.51,1267.15,2,24.8168821,24.22385777
2017-05-01,48.48,50.33,1.519,1.412,1245.25,2,25.68584983,24.74170475
2017-06-01,45.18,46.37,1.432,1.295,1261.277,2,27.91671093,27.20028035
2017-07-01,46.63,48.48,1.518,1.417,1235.1,2,26.48723997,25.47648515
2017-08-01,48.04,51.7,1.638,1.561,1281.72,2,26.68026644,24.79148936
2017-09-01,49.82,56.15,1.753,1.8,1317.045,2,26.43606985,23.45583259
2017-10-01,51.58,57.51,1.652,1.659,1280.677,2,24.82894533,22.26877065
2017-11-01,56.64,62.71,1.757,1.76,1283.189,2,22.65517302,20.46227077
2017-12-01,57.88,64.37,1.702,1.817,1265.674,2,21.86720802,19.66248252
2018-01-01,63.7,69.08,1.857,1.952,1332.809,2,20.92321821,19.29370295
2018-02-01,62.23,65.32,1.765,1.849,1333.775,2,21.43299052,20.41909063
2018-03-01,62.73,66.02,1.82,1.858,1333.775,2,21.43299052,20.41909063
